{"cameraMode":{"drawMode":0,"name":"Shaded","section":"Shading Mode"},"sceneLighting":true,"audioPlay":false,"sceneViewState":{"m_AlwaysRefresh":false,"showFog":true,"showSkybox":true,"showFlares":true,"showImageEffects":true,"showParticleSystems":true,"showVisualEffectGraphs":true,"m_FxEnabled":true},"in2DMode":false,"pivot":{"x":-16.753902435302736,"y":-0.28030824661254885,"z":52.30429458618164},"rotation":{"x":-0.08125361800193787,"y":0.46129468083381655,"z":-0.04245635122060776,"w":-0.8825938105583191},"size":12.12435531616211,"orthographic":false}